id;turnover_2020;turnover_2019;turnover_2018;turnover_2017;turnover_2016;turnover_2015;turnover_2014;turnover_2013;turnover_2012;netincome_2020;netincome_2019;netincome_2018;netincome_2017;netincome_2016;netincome_2015;netincome_2014;netincome_2013;netincome_2012;cashflow_2020;cashflow_2019;cashflow_2018;cashflow_2017;cashflow_2016;cashflow_2015;cashflow_2014;cashflow_2013;cashflow_2012;totalassets_2020;totalassets_2019;totalassets_2018;totalassets_2017;totalassets_2016;totalassets_2015;totalassets_2014;totalassets_2013;totalassets_2012;currentratio_2020;currentratio_2019;currentratio_2018;currentratio_2017;currentratio_2016;currentratio_2015;currentratio_2014;currentratio_2013;currentratio_2012;profitmargin_2020;profitmargin_2019;profitmargin_2018;profitmargin_2017;profitmargin_2016;profitmargin_2015;profitmargin_2014;profitmargin_2013;profitmargin_2012;roe_2020;roe_2019;roe_2018;roe_2017;roe_2016;roe_2015;roe_2014;roe_2013;roe_2012;roce_2020;roce_2019;roce_2018;roce_2017;roce_2016;roce_2015;roce_2014;roce_2013;roce_2012;solvency_2020;solvency_2019;solvency_2018;solvency_2017;solvency_2016;solvency_2015;solvency_2014;solvency_2013;solvency_2012;employees_2020;employees_2019;employees_2018;employees_2017;employees_2016;employees_2015;employees_2014;employees_2013;employees_2012;costs_goodssold_2020;costs_goodssold_2019;costs_goodssold_2018;costs_goodssold_2017;costs_goodssold_2016;costs_goodssold_2015;costs_goodssold_2014;costs_goodssold_2013;costs_goodssold_2012;costs_employees_2020;costs_employees_2019;costs_employees_2018;costs_employees_2017;costs_employees_2016;costs_employees_2015;costs_employees_2014;costs_employees_2013;costs_employees_2012;costs_materials_2020;costs_materials_2019;costs_materials_2018;costs_materials_2017;costs_materials_2016;costs_materials_2015;costs_materials_2014;costs_materials_2013;costs_materials_2012;Date of incorporation;age_2020;age_2019;age_2018;age_2017;age_2016;age_2015;age_2014;age_2013;age_2012;company_name
8319343;820.485;635.392;641.649;592.541;488.864;462.766;427.045;395.711;340.560;68.842;-7.388;9.490;14.872;22.487;23.069;15.277;3.195;4.320;106.756;29.564;51.362;49.102;49.624;36.614;29.695;16.468;16.136;558.059;443.607;531.220;486.269;385.136;346.598;331.770;335.608;306.794;1,06;0,94;0,91;0,71;0,75;0,85;1,12;1,08;1,45;9,94;1,52;2,01;2,8;6,15;6,99;4,6;0,8;-0,57;59,77;8,46;10,37;13,8;32,54;44,74;35,82;7,07;-4,82;27,85;8,46;9,32;10,79;17,4;19,55;14,71;9,53;7,49;24,45;25,75;23,35;24,7;23,99;20,86;16,53;13,4;13,08;1.027;959;932;873;811;714;588;539;503;n.a.;n.a.;n.a.;n.a.;n.a.;n.a.;n.a.;n.a.;n.a.;97.343;83.143;81.962;87.632;63.549;61.404;57.470;58.509;51.900;419.165;329.728;307.336;275.422;211.142;210.319;196.632;187.807;158.896;27-5-1980;41;40;39;38;37;36;35;34;33;ALPRO
5547559;n.a.;n.a.;719.518;748.843;600.837;593.015;736.838;561.707;937.829;n.a.;n.a.;41.220;43.175;24.033;40.609;54.999;-138;-69.400;n.a.;n.a.;58.395;55.048;32.255;50.080;65.804;22.893;10.819;n.a.;n.a.;556.356;572.066;483.515;373.533;359.010;465.722;445.825;n.a.;n.a.;1,36;1,24;1,18;1,37;1,58;1,38;1,26;n.a.;n.a.;7,96;7,5;5,7;7,38;8,96;2,8;-6,89;n.a.;n.a.;19,45;20,55;17;21,92;35,28;10,82;-44,22;n.a.;n.a.;14,83;15,32;11,5;20,49;33,73;7,48;-24,3;n.a.;n.a.;52,91;47,74;41,68;53,45;52,15;31,21;32,79;n.a.;n.a.;1.350;1.273;1.171;937;824;1.802;2.064;n.a.;n.a.;418.841;438.824;353.756;335.973;312.631;338.017;417.194;n.a.;n.a.;109.577;115.732;96.661;78.495;75.517;83.022;110.434;n.a.;n.a.;418.841;438.824;353.756;335.973;312.631;338.017;417.194;1765;117;116;115;114;113;112;111;110;109;KONINKLIJKE WESSANEN NV
228119619;n.a.;332.838;350.344;364.947;329.622;n.a.;n.a.;n.a.;n.a.;n.a.;9.459;8.123;3.980;2.491;n.a.;n.a.;n.a.;n.a.;n.a.;9.493;8.123;3.980;2.491;n.a.;n.a.;n.a.;n.a.;n.a.;180.924;145.209;92.288;85.993;n.a.;n.a.;n.a.;n.a.;n.a.;1,58;1,26;1,19;1,18;n.a.;n.a.;n.a.;n.a.;n.a.;4,22;3,43;1,48;1,09;n.a.;n.a.;n.a.;n.a.;n.a.;34,37;37,54;21,65;17,09;n.a.;n.a.;n.a.;n.a.;n.a.;14,51;17,33;20,57;14,51;n.a.;n.a.;n.a.;n.a.;n.a.;22,57;22,03;27,08;24,54;n.a.;n.a.;n.a.;n.a.;n.a.;105;70;24;26;n.a.;n.a.;n.a.;n.a.;n.a.;n.a.;n.a.;n.a.;n.a.;n.a.;n.a.;n.a.;n.a.;n.a.;11.835;7.791;3.424;2.720;n.a.;n.a.;n.a.;n.a.;n.a.;275.355;283.346;306.952;258.934;n.a.;n.a.;n.a.;n.a.;20-1-2015;7;6;5;4;3;2;1;;;UPFIELD DEUTSCHLAND GMBH
5545778;306.237;316.751;314.145;297.929;250.217;252.815;220.097;242.035;228.229;8.321;9.199;8.001;12.375;8.198;5.638;6.446;5.567;5.471;n.a.;n.a.;n.a.;n.a.;n.a.;6.085;6.880;5.984;5.912;86.745;80.301;87.960;72.651;75.713;74.234;59.879;53.738;50.873;1,82;1,91;1,79;1,77;1,47;1,41;1,66;1,85;1,87;3,61;3,86;3,47;5,75;4,54;3,05;4,02;3,16;2,98;29,04;33,41;29,44;57,84;46,08;34,92;35,98;30,67;28,34;n.a.;n.a.;n.a.;n.a.;n.a.;n.a.;n.a.;n.a.;n.a.;43,85;45,52;42,05;40,75;32,52;29,78;41,08;46,36;47,16;92;91;86;82;8.444;73;68;69;73;278.828;288.832;287.756;266.386;225.332;232.209;199.220;220.572;208.756;n.a.;n.a.;n.a.;n.a.;n.a.;9.025;8.042;9.468;8.557;n.a.;n.a.;n.a.;n.a.;n.a.;n.a.;n.a.;n.a.;n.a.;23-1-1930;92;91;90;89;88;87;86;85;84;MEELUNIE B.V.
2323108;n.a.;176.908;215.178;273.597;201.087;205.884;152.417;n.a.;n.a.;n.a.;3.848;3.681;4.482;4.430;4.528;3.097;n.a.;n.a.;n.a.;4.085;3.991;4.795;4.599;4.673;3.277;n.a.;n.a.;n.a.;51.932;54.328;62.173;47.997;47.057;33.071;n.a.;n.a.;n.a.;1,57;1,5;1,43;1,48;1,4;1,38;n.a.;n.a.;n.a.;3,02;2,48;2,55;3,16;3,12;3;n.a.;n.a.;n.a.;46,38;37,24;50,75;66,89;88,53;116,89;n.a.;n.a.;n.a.;36,4;27,96;36,13;38,63;47,09;49,36;n.a.;n.a.;n.a.;29,61;26,35;22,09;19,79;15,43;11,83;n.a.;n.a.;n.a.;132;132;131;122;n.a.;80;n.a.;n.a.;n.a.;n.a.;n.a.;n.a.;n.a.;n.a.;n.a.;n.a.;n.a.;n.a.;9.681;13.093;13.899;10.145;9.965;8.799;n.a.;n.a.;n.a.;150.129;181.894;236.371;170.066;174.501;125.557;n.a.;n.a.;1-1-1987;35;34;33;32;31;30;29;28;27;BOESCH BODEN SPIES GMBH & CO. KG
127893844;130.032;n.a.;52.317;n.a.;n.a.;n.a.;n.a.;n.a.;n.a.;-5.692;n.a.;-3.962;n.a.;n.a.;n.a.;n.a.;n.a.;n.a.;-4.703;n.a.;-3.889;n.a.;n.a.;n.a.;n.a.;n.a.;n.a.;37.074;n.a.;35.295;n.a.;n.a.;n.a.;n.a.;n.a.;n.a.;2,35;n.a.;3,13;n.a.;n.a.;n.a.;n.a.;n.a.;n.a.;-4,36;n.a.;-9,06;n.a.;n.a.;n.a.;n.a.;n.a.;n.a.;-16,83;n.a.;-19,04;n.a.;n.a.;n.a.;n.a.;n.a.;n.a.;-16,83;n.a.;-18,89;n.a.;n.a.;n.a.;n.a.;n.a.;n.a.;60,53;n.a.;70,57;n.a.;n.a.;n.a.;n.a.;n.a.;n.a.;95;n.a.;60;n.a.;n.a.;n.a.;n.a.;n.a.;n.a.;51.447;n.a.;19.766;n.a.;n.a.;n.a.;n.a.;n.a.;n.a.;10.637;n.a.;n.a.;n.a.;n.a.;n.a.;n.a.;n.a.;n.a.;n.a.;n.a.;n.a.;n.a.;n.a.;n.a.;n.a.;n.a.;n.a.;12-1-2012;10;9;8;7;6;5;4;3;2;HUEL LIMITED
5251091;106.496;85.948;94.269;135.016;121.831;126.810;140.289;139.446;n.a.;9.392;8.093;11.562;8.304;9.270;13.040;12.992;13.638;n.a.;12.540;10.751;13.867;10.631;11.303;15.078;15.040;15.868;n.a.;126.282;109.162;107.072;99.715;82.140;89.875;100.015;116.898;n.a.;2,08;2,95;3,01;1,9;2,18;2,09;1,72;1,56;n.a.;10,71;11,25;9,91;8,52;10,11;13,07;13,66;10,24;n.a.;12,39;12,18;12,12;15,94;20,54;28,47;35,63;29,05;n.a.;11,65;11,12;10,94;15,74;21,06;26,27;29,27;21,67;n.a.;72,89;72,74;72,03;72,34;72,98;64,78;53,78;42,05;n.a.;123;122;126;123;119;113;112;109;n.a.;59.070;46.070;52.351;68.054;66.216;94.271;76.679;71.709;n.a.;13.143;10.842;11.282;10.081;9.096;8.923;9.605;9.510;n.a.;53.824;41.862;48.143;68.150;61.805;64.002;69.608;66.368;n.a.;1990;116;115;114;113;112;111;110;109;108;VALSOIA SPA
229781932;103.578;93.348;112.470;103.387;77.979;43.573;n.a.;n.a.;n.a.;-6.219;-5.587;-381;-213;370;-554;n.a.;n.a.;n.a.;n.a.;n.a.;n.a.;n.a.;n.a.;n.a.;n.a.;n.a.;n.a.;109.012;97.432;105.913;105.477;91.435;95.770;n.a.;n.a.;n.a.;1,23;1,35;1,26;1,18;1,25;1,32;n.a.;n.a.;n.a.;-6,64;-4,89;0,96;1,04;1,56;-0,4;n.a.;n.a.;n.a.;-17,8;-14,07;2,77;2,6;3,35;-0,71;n.a.;n.a.;n.a.;n.a.;n.a.;n.a.;n.a.;n.a.;n.a.;n.a.;n.a.;n.a.;35,46;33,28;36,78;39,1;39,85;38,67;n.a.;n.a.;n.a.;245;258;278;252;245;237;n.a.;n.a.;n.a.;n.a.;n.a.;n.a.;n.a.;n.a.;n.a.;n.a.;n.a.;n.a.;n.a.;n.a.;n.a.;n.a.;n.a.;n.a.;n.a.;n.a.;n.a.;n.a.;n.a.;n.a.;n.a.;n.a.;n.a.;n.a.;n.a.;n.a.;23-4-2015;6;5;4;3;2;1;;;;VIVERA TOPHOLDING B.V.
3005477;102.791;74.085;71.164;72.177;59.957;53.848;43.287;28.774;19.273;6.391;4.082;4.277;5.602;9.707;9.094;6.225;2.248;1.693;18.098;13.926;14.190;14.830;12.784;11.071;8.663;4.638;3.724;79.763;68.971;70.739;75.077;67.183;55.215;28.216;21.150;16.662;2,08;1,95;1,65;1,34;1,4;2,24;1,77;1,62;1,11;8,04;6,89;7,58;9,8;21,01;22,78;19,69;10,63;10,11;15,65;11,91;12,89;17,6;40,88;54,37;53,72;26,92;21,68;14,13;10,16;10,36;12,53;24,88;30,79;44,78;20,64;20,29;66,21;62,14;59,12;53,5;45,85;40,85;56,23;53,73;53,92;256;213;182;159;130;110;81;54;44;n.a.;n.a.;n.a.;n.a.;n.a.;n.a.;n.a.;n.a.;n.a.;12.825;10.412;9.074;8.510;5.371;4.330;3.496;2.926;2.331;41.790;30.530;28.657;30.176;24.570;22.181;18.359;11.889;8.368;10-7-1991;30;29;28;27;26;25;24;23;22;LIQUATS VEGETALS SA
2476376;92.140;n.a.;n.a.;n.a.;n.a.;n.a.;n.a.;n.a.;n.a.;3.053;803;422;557;1.499;1.307;1.190;787;554;6.365;3.846;3.221;3.287;3.175;2.916;2.808;1.585;1.156;48.284;37.631;30.272;28.619;26.361;18.981;13.640;13.207;9.149;1,21;1,01;1,06;1,15;1,61;n.a.;3,21;1,62;1,9;5,28;n.a.;n.a.;n.a.;n.a.;n.a.;n.a.;n.a.;n.a.;43,27;16,45;9,22;12,93;39,43;51,25;57,67;55,08;65,52;15,8;6,64;4,22;5,35;11,46;11,46;17,4;16,49;16,81;23,29;19,93;22,55;23,44;20,51;21,25;22,3;15,92;13,76;273;214;200;175;192;130;112;91;81;n.a.;n.a.;n.a.;n.a.;n.a.;n.a.;n.a.;n.a.;n.a.;15.381;11.418;10.066;9.843;7.828;6.112;5.093;4.772;3.698;40.322;n.a.;n.a.;n.a.;n.a.;n.a.;n.a.;n.a.;n.a.;1-7-1985;36;35;34;33;32;31;30;29;28;BERIEF FOOD GMBH
62088738;72.825;64.508;61.939;63.481;52.230;47.592;55.505;67.062;72.804;4.391;2.057;590;2.897;11.894;1.845;1.676;1.449;1.973;6.815;4.349;2.799;5.168;14.031;3.913;4.322;4.711;6.149;54.316;48.173;47.370;50.284;44.693;34.916;40.835;48.643;51.290;1,83;1,83;1,92;2,13;2,69;1,63;1,52;1,18;1,41;7,31;3,39;0,77;5,36;18,99;4,01;3,07;2,24;2,78;15,41;7,13;1,65;11,35;38,15;14,04;12,24;9,25;12,49;13,95;6,75;2,57;10,3;29,52;11,27;9,77;9,3;10,38;63,61;63,68;61,04;59,63;58,18;38,92;34,12;33,39;31,62;182;n.a.;178;171;168;180;n.a.;n.a.;n.a.;n.a.;n.a.;n.a.;n.a.;n.a.;n.a.;n.a.;n.a.;n.a.;16.333;13.678;13.935;13.847;12.201;11.497;13.358;15.571;16.413;36.982;28.753;31.592;29.846;21.434;21.378;25.704;30.816;33.082;12-3-1995;26;25;24;23;22;21;20;19;18;HOFF SA
2594105;n.a.;69.968;66.283;68.692;63.454;61.891;72.801;69.680;58.260;n.a.;944;480;-242;-1.040;1.562;2.342;1.710;3.583;n.a.;2.142;1.757;1.192;305;2.823;3.543;2.765;4.265;n.a.;31.647;30.278;31.738;29.114;31.955;29.600;28.939;25.859;n.a.;1,69;1,74;1,66;1,66;1,83;1,76;1,94;2,16;n.a.;1,72;0,75;-0,34;-1,89;3,54;4,79;3,47;8,53;n.a.;7,98;3,45;-1,58;-9,19;15,1;24,12;17,56;43,12;n.a.;7,64;3,94;0,28;-4,77;11,18;18,49;13,11;26,73;n.a.;47,6;47,53;45,91;44,72;45,44;48,82;47,53;44,57;n.a.;120;112;101;115;103;88;80;80;n.a.;n.a.;n.a.;n.a.;n.a.;n.a.;n.a.;n.a.;n.a.;n.a.;4.856;4.808;4.894;4.314;4.103;3.912;4.282;3.560;n.a.;52.998;49.339;51.747;46.045;42.001;48.870;47.492;38.456;10-1-1989;33;32;31;30;29;28;27;26;25;TOFUTOWN.COM GMBH
13992878;53.801;57.262;53.004;51.635;38.583;47.453;32.926;22.134;n.a.;3.240;2.794;4.143;3.468;2.475;3.304;2.447;1.763;n.a.;3.386;2.939;4.250;3.585;2.538;3.404;2.546;1.826;n.a.;24.446;21.879;25.174;19.371;16.436;15.478;12.561;9.610;3.681;3,48;2,67;1,98;2,22;1,87;1,89;1,78;1,43;1,7;6,5;6,03;8,53;8,36;8,08;8,43;9,45;10,1;n.a.;19,92;24,64;35,18;39,57;52,19;53,22;64,29;72,12;n.a.;20,48;n.a.;35,05;39,31;51,77;52,76;53,82;70,07;n.a.;71,82;63,98;51,07;56,29;48,44;48,54;38,51;32,24;43,24;63;63;62;55;49;39;26;20;n.a.;40.125;40.713;38.224;36.617;25.321;31.547;21.067;14.140;n.a.;5.558;4.981;4.456;4.221;2.589;2.973;1.905;n.a.;n.a.;n.a.;n.a.;n.a.;n.a.;n.a.;n.a.;n.a.;n.a.;n.a.;24-3-2004;17;16;15;14;13;12;11;10;9;NATURAL BALANCE FOODS LIMITED
4639578;n.a.;43.314;45.060;47.925;38.725;36.212;33.344;33.129;28.705;n.a.;1.512;1.760;1.863;1.490;1.622;1.509;1.374;1.151;n.a.;n.a.;n.a.;1.898;1.523;1.661;1.549;2.013;1.424;n.a.;18.714;18.453;21.155;16.962;16.465;14.271;36.857;8.379;n.a.;6,15;5,36;3,05;2,81;2,96;3,01;1,33;5,8;n.a.;4,3;4,81;4,8;4,8;5,58;5,58;5,57;5,45;n.a.;11,88;14,43;16,17;17;18,5;19,45;20,36;22,39;n.a.;n.a.;n.a.;n.a.;n.a.;n.a.;n.a.;n.a.;22,39;n.a.;83,73;81,34;67,2;64,5;66,39;67,02;24,58;83,34;n.a.;n.a.;n.a.;n.a.;n.a.;n.a.;n.a.;n.a.;n.a.;n.a.;39.598;40.554;43.659;34.793;32.143;30.101;29.687;25.711;n.a.;n.a.;n.a.;n.a.;n.a.;n.a.;n.a.;n.a.;n.a.;n.a.;n.a.;n.a.;n.a.;n.a.;n.a.;n.a.;n.a.;n.a.;27-3-1997;24;23;22;21;20;19;18;17;16;EAT NATURAL LIMITED
142600003;42.951;42.191;31.334;22.333;11.614;6.823;10.525;4.372;0;2.239;3.143;4.653;844;555;639;366;214;-3;5.334;4.790;5.318;1.190;852;818;531;299;-3;51.314;43.844;31.806;22.661;12.461;7.680;6.236;3.516;154;1,52;1,06;0,95;1,01;0,58;0,83;1;0,96;0,42;4,02;8,6;15,27;3,89;2,07;1,6;3,3;4,5;n.a.;10,48;27,17;66,05;28,8;14,42;9,22;56,8;70,8;-5,07;6,18;17,89;33,43;10,54;13,1;8,53;28,21;73,23;n.a.;32,15;30,47;22,78;13,32;13,38;15,46;9,8;7,91;39,92;122;121;73;47;36;21;11;2;1;n.a.;n.a.;n.a.;n.a.;n.a.;n.a.;n.a.;n.a.;n.a.;2.761;2.318;1.410;901;605;422;312;74;n.a.;31.529;32.062;22.032;18.416;8.896;4.755;7.836;3.871;n.a.;15-4-2011;10;9;8;7;6;5;4;3;2;PROZIS.FOODS, S.A.
412026018;33.425;21.384;n.a.;n.a.;n.a.;n.a.;n.a.;n.a.;n.a.;-6.061;-4.765;n.a.;n.a.;n.a.;n.a.;n.a.;n.a.;n.a.;-4.782;-3.770;n.a.;n.a.;n.a.;n.a.;n.a.;n.a.;n.a.;30.563;23.373;n.a.;n.a.;n.a.;n.a.;n.a.;n.a.;n.a.;0,5;0,41;n.a.;n.a.;n.a.;n.a.;n.a.;n.a.;n.a.;-18,86;-22,94;n.a.;n.a.;n.a.;n.a.;n.a.;n.a.;n.a.;n.a.;n.a.;n.a.;n.a.;n.a.;n.a.;n.a.;n.a.;n.a.;-35,13;-96,13;n.a.;n.a.;n.a.;n.a.;n.a.;n.a.;n.a.;0;0,93;n.a.;n.a.;n.a.;n.a.;n.a.;n.a.;n.a.;64;66;n.a.;n.a.;n.a.;n.a.;n.a.;n.a.;n.a.;23.039;14.811;n.a.;n.a.;n.a.;n.a.;n.a.;n.a.;n.a.;3.588;2.275;n.a.;n.a.;n.a.;n.a.;n.a.;n.a.;n.a.;23.039;14.811;n.a.;n.a.;n.a.;n.a.;n.a.;n.a.;n.a.;2012;116;115;114;113;112;111;110;109;108;VEGANZ GROUP AG
4116511;29.393;31.387;30.123;24.097;19.632;20.002;14.593;15.143;19.741;-2.049;-2.210;-2.299;214;513;679;-782;-1.097;214;-1.230;-1.499;-1.836;618;880;1.186;-122;-383;907;15.934;17.182;19.881;16.498;11.332;10.150;9.523;11.267;12.159;1,79;1,91;1,72;3,33;2,19;3,22;3,3;3,2;4,34;-6,97;-7,04;-8,23;1,17;3,32;4,34;-6,28;-8,86;1,83;-215,54;-75,35;-49,84;3,65;9,51;11,35;-12,5;-15,68;3,61;-13,37;-18,22;-20,88;2,86;9,43;11,33;-12,41;-15,5;3,8;5,97;17,07;25,03;46,94;60,5;75,28;76,99;75,99;82,6;146;140;115;106;91;92;86;89;116;24.841;27.607;24.604;19.081;14.711;15.958;12.248;13.103;15.761;5.970;5.900;4.920;4.533;3.851;4.095;4.004;4.606;5.400;n.a.;n.a.;n.a.;n.a.;n.a.;n.a.;n.a.;n.a.;n.a.;24-8-1982;39;38;37;36;35;34;33;32;31;DALOON FOODS (U.K.) LIMITED
7449200;27.481;19.837;18.257;17.148;16.319;18.255;19.328;23.307;n.a.;-3.084;-6.620;-5.313;-796;666;676;616;161;5.184;n.a.;n.a.;n.a.;n.a.;n.a.;831;806;398;n.a.;16.192;10.297;10.367;8.198;9.459;9.963;9.635;11.432;8.447;0,64;0,71;0,57;1,65;2,24;2,26;2,21;1,94;2,18;-16,11;-33,37;-29,1;-4,64;4,08;3,7;3,19;0,69;n.a.;-71,9;-175,33;-333,47;-15,62;12,47;11,88;11,25;2,76;92,26;-70,91;-173,17;-329,12;-15,26;12,51;n.a.;n.a.;3,85;92,91;38,01;36,67;15,37;62,2;56,46;57,15;56,82;51,18;66,52;82;99;55;70;64;60;88;88;0;n.a.;n.a.;n.a.;n.a.;n.a.;n.a.;n.a.;n.a.;n.a.;8.231;6.594;6.344;5.112;4.301;4.219;3.758;4.655;n.a.;15.702;12.510;11.850;9.858;9.248;11.396;12.910;16.013;n.a.;feb-01;21;20;19;18;17;16;15;14;13;BAMA FOODS AB
9237773;25.744;23.420;18.495;12.898;7.997;7.116;7.820;7.679;n.a.;3.239;4.172;3.853;2.075;967;610;620;1.028;n.a.;4.053;4.907;4.446;2.522;1.423;1.084;1.011;1.147;n.a.;18.122;16.061;13.138;8.241;6.308;5.376;6.421;3.948;1.975;4,92;2,95;1,86;1,39;0,82;0,53;0,47;0,92;1,61;16,71;21,77;25,31;18,57;12,64;8,92;9,95;14,97;n.a.;28,69;42,46;56,42;55,94;40,22;39,36;43,72;62,99;n.a.;n.a.;n.a.;n.a.;n.a.;37,16;36,59;39,11;60,74;n.a.;82,77;74,75;63,16;51,96;39,84;30;27,72;46,23;41,12;106;97;66;52;n.a.;n.a.;n.a.;n.a.;n.a.;8.299;8.143;5.564;4.226;2.242;2.027;2.735;4.052;n.a.;4.357;3.574;2.969;2.148;n.a.;n.a.;n.a.;n.a.;n.a.;n.a.;n.a.;n.a.;n.a.;n.a.;n.a.;n.a.;n.a.;n.a.;3-5-2002;19;18;17;16;15;14;13;12;11;GOSH! FOOD LIMITED
9667657;22.385;17.198;n.a.;n.a.;n.a.;n.a.;n.a.;n.a.;n.a.;5.944;5.140;n.a.;n.a.;n.a.;n.a.;n.a.;n.a.;n.a.;6.272;5.435;n.a.;n.a.;n.a.;n.a.;n.a.;n.a.;n.a.;17.419;11.820;6.592;4.440;2.123;1.604;1.740;1.507;1.046;7,46;5,49;3,34;1,74;1,43;1,01;1,02;0,72;0,94;30,57;35,84;n.a.;n.a.;n.a.;n.a.;n.a.;n.a.;n.a.;43,84;62,2;n.a.;n.a.;n.a.;n.a.;n.a.;n.a.;n.a.;n.a.;n.a.;n.a.;n.a.;n.a.;n.a.;n.a.;n.a.;n.a.;89,61;83,85;77,71;59,84;56,14;60,09;54,42;53,07;60,76;161;127;119;71;35;n.a.;n.a.;n.a.;n.a.;10.817;8.827;n.a.;n.a.;n.a.;n.a.;n.a.;n.a.;n.a.;5.406;2.972;n.a.;n.a.;n.a.;n.a.;n.a.;n.a.;n.a.;n.a.;n.a.;n.a.;n.a.;n.a.;n.a.;n.a.;n.a.;n.a.;10-10-2002;19;18;17;16;15;14;13;12;11;BUTE ISLAND FOODS LTD.
382573418;18.641;13.306;6.543;n.a.;n.a.;n.a.;n.a.;n.a.;n.a.;491;219;216;n.a.;n.a.;n.a.;n.a.;n.a.;n.a.;501;225;220;n.a.;n.a.;n.a.;n.a.;n.a.;n.a.;3.168;2.842;2.394;n.a.;n.a.;n.a.;n.a.;n.a.;n.a.;1,51;1,19;1,13;n.a.;n.a.;n.a.;n.a.;n.a.;n.a.;3,76;2,38;4,66;n.a.;n.a.;n.a.;n.a.;n.a.;n.a.;71,95;71,68;134,37;n.a.;n.a.;n.a.;n.a.;n.a.;n.a.;62,39;66,15;94,08;n.a.;n.a.;n.a.;n.a.;n.a.;n.a.;30,74;15,56;9,48;n.a.;n.a.;n.a.;n.a.;n.a.;n.a.;7;7;7;n.a.;n.a.;n.a.;n.a.;n.a.;n.a.;n.a.;n.a.;n.a.;n.a.;n.a.;n.a.;n.a.;n.a.;n.a.;586;522;196;n.a.;n.a.;n.a.;n.a.;n.a.;n.a.;14.836;10.822;5.069;n.a.;n.a.;n.a.;n.a.;n.a.;n.a.;16-5-2018;3;2;1;;;;;;;PLANTIS GROUP S.R.L.
410985714;11.071;156;n.a.;n.a.;n.a.;n.a.;n.a.;n.a.;n.a.;89;-20;n.a.;n.a.;n.a.;n.a.;n.a.;n.a.;n.a.;770;5;n.a.;n.a.;n.a.;n.a.;n.a.;n.a.;n.a.;53.074;10.153;n.a.;n.a.;n.a.;n.a.;n.a.;n.a.;n.a.;0,08;0,04;n.a.;n.a.;n.a.;n.a.;n.a.;n.a.;n.a.;1,78;-13,76;n.a.;n.a.;n.a.;n.a.;n.a.;n.a.;n.a.;294,76;n.a.;n.a.;n.a.;n.a.;n.a.;n.a.;n.a.;n.a.;1,65;-153,78;n.a.;n.a.;n.a.;n.a.;n.a.;n.a.;n.a.;0,13;-0,2;n.a.;n.a.;n.a.;n.a.;n.a.;n.a.;n.a.;57;36;n.a.;n.a.;n.a.;n.a.;n.a.;n.a.;n.a.;6.103;n.a.;n.a.;n.a.;n.a.;n.a.;n.a.;n.a.;n.a.;2.643;133;n.a.;n.a.;n.a.;n.a.;n.a.;n.a.;n.a.;n.a.;n.a.;n.a.;n.a.;n.a.;n.a.;n.a.;n.a.;n.a.;23-5-2019;2;1;;;;;;;;FINNEBROGUE VEGETARIAN COMPANY LIMITED
98721708;9.629;7.416;6.295;7.201;2.237;256;59;29;55;-5.708;-4.373;-1.296;-1.088;-467;-382;-374;-247;-169;-4.913;-2.844;-1.233;-1.088;-412;-340;-338;-215;-144;11.537;9.255;3.663;2.787;1.383;326;291;221;359;0,23;0,46;2,37;1,53;2,81;3;3,09;6,33;10,61;-59,28;-58,98;-20,59;-15,11;-20,88;n.a.;n.a.;n.a.;n.a.;-298,21;-62,67;-70,53;n.a.;-113,01;-468;-157,95;-120,95;-50,2;-252,7;-58,75;-49,64;n.a.;-47,57;-144,03;n.a.;n.a.;n.a.;16,59;75,41;50,17;-20,74;29,88;25,08;81,25;92,5;93,75;26;n.a.;9;7;3;2;1;1;1;6.526;5.928;4.564;5.719;1.645;n.a.;n.a.;n.a.;n.a.;2.925;1.723;725;n.a.;226;111;89;123;103;1.740;1.390;721;n.a.;226;64;40;30;36;5-5-2010;11;10;9;8;7;6;5;4;3;VERSO FOOD OY
170225793;n.a.;n.a.;n.a.;7.949;5.761;4.121;987;n.a.;n.a.;n.a.;n.a.;n.a.;863;609;454;70;-6;n.a.;n.a.;n.a.;n.a.;1.051;762;700;129;-6;n.a.;n.a.;n.a.;n.a.;2.969;2.423;1.944;1.797;549;n.a.;n.a.;n.a.;n.a.;1,58;1,25;0,77;0,36;1,05;n.a.;n.a.;n.a.;n.a.;14,44;14,03;14,82;8,7;n.a.;n.a.;n.a.;n.a.;n.a.;72,81;69,99;68,63;17,68;-78,51;n.a.;n.a.;n.a.;n.a.;54,63;48,15;44,31;7,93;n.a.;n.a.;n.a.;n.a.;n.a.;53,12;47,66;45,78;27,04;5,25;n.a.;n.a.;n.a.;n.a.;65;58;44;10;n.a.;n.a.;n.a.;n.a.;n.a.;n.a.;n.a.;n.a.;n.a.;n.a.;n.a.;n.a.;n.a.;n.a.;2.201;1.659;1.220;282;n.a.;n.a.;n.a.;n.a.;n.a.;2.818;1.959;1.412;313;n.a.;n.a.;24-9-2013;8;7;6;5;4;3;2;1;;FLAX & KALE SL.
344114945;5.889;2.113;1.949;100;n.a.;n.a.;n.a.;n.a.;n.a.;-2.779;-2.039;-2.113;-376;n.a.;n.a.;n.a.;n.a.;n.a.;-2.283;-1.627;-1.906;-355;n.a.;n.a.;n.a.;n.a.;n.a.;4.316;6.771;9.879;5.451;n.a.;n.a.;n.a.;n.a.;n.a.;0,96;0,78;4,27;0,53;n.a.;n.a.;n.a.;n.a.;n.a.;-47,18;-96,52;n.a.;n.a.;n.a.;n.a.;n.a.;n.a.;n.a.;n.a.;-122,79;-54,09;-13,68;n.a.;n.a.;n.a.;n.a.;n.a.;-82,91;-34,79;-22,94;-8,19;n.a.;n.a.;n.a.;n.a.;n.a.;-23,43;24,53;39,46;50,3;n.a.;n.a.;n.a.;n.a.;n.a.;86;88;94;47;n.a.;n.a.;n.a.;n.a.;n.a.;n.a.;n.a.;n.a.;n.a.;n.a.;n.a.;n.a.;n.a.;n.a.;1.694;1.254;1.311;195;n.a.;n.a.;n.a.;n.a.;n.a.;1.756;1.659;1.589;118;n.a.;n.a.;n.a.;n.a.;n.a.;2017;116;115;114;113;112;111;110;109;108;VERDINO GREEN FOODS S.R.L.
3185584;4.093;3.902;3.723;3.125;2.318;1.801;1.903;1.694;1.571;99;-42;209;213;281;145;30;131;103;377;139;459;363;n.a.;245;145;252;218;2.293;2.427;2.298;1.849;1.189;864;826;817;738;1,25;1,17;2,44;2,4;3,74;2,7;2,89;2,82;2,55;2,77;-1,08;7,06;8,8;14,95;10,06;1,94;10,19;8,51;10,27;-4,12;22,4;27,19;42,22;31,15;6,65;31,58;30,42;8,58;-1,54;13,94;19,8;n.a.;27,67;5,77;26,13;23,62;48,2;42,15;51,1;54,72;69,03;67,36;67,11;66,88;59,58;27;27;n.a.;n.a.;n.a.;n.a.;n.a.;9;n.a.;1.476;1.506;1.322;1.152;n.a.;n.a.;n.a.;n.a.;n.a.;1.274;1.319;1.068;914;-635;550;624;504;571;1.346;1.367;1.103;950;658;520;601;490;408;7-2-1990;32;31;30;29;28;27;26;25;24;OY SOYA AB
4388998;4.552;18.564;16.850;n.a.;n.a.;n.a.;n.a.;n.a.;n.a.;-3.064;776;1.489;n.a.;n.a.;n.a.;n.a.;n.a.;n.a.;-2.320;1.209;1.731;n.a.;n.a.;n.a.;n.a.;n.a.;n.a.;10.559;14.353;11.651;10.070;7.972;6.488;4.434;4.373;3.932;2,88;2,6;3,65;3,54;2,83;3,14;3,52;2,17;2,24;-82,67;5,69;10,53;n.a.;n.a.;n.a.;n.a.;n.a.;n.a.;-59,09;12,47;21,74;n.a.;n.a.;n.a.;n.a.;n.a.;n.a.;-49,22;11,4;20,23;n.a.;n.a.;n.a.;n.a.;n.a.;n.a.;60,32;59,02;70,03;71,07;63,84;68,93;72,74;56,31;57,95;68;80;62;56;48;46;n.a.;n.a.;n.a.;4.758;13.128;11.560;n.a.;n.a.;n.a.;n.a.;n.a.;n.a.;3.090;3.527;3.164;n.a.;n.a.;n.a.;n.a.;n.a.;n.a.;n.a.;n.a.;n.a.;n.a.;n.a.;n.a.;n.a.;n.a.;n.a.;25-2-1993;29;28;27;26;25;24;23;22;21;VEGETARIAN EXPRESS LIMITED
3675845;4.274;3.703;n.a.;3.511;2.829;2.633;2.166;1.661;1.170;324;189;n.a.;31;180;104;54;-78;-199;552;383;n.a.;172;289;193;117;-38;-162;2.809;2.537;n.a.;2.023;1.406;1.234;1.053;831;751;1,97;1,71;n.a.;1,48;1,67;1,68;1,7;1,8;1,76;9,11;3,08;n.a.;1,29;6,06;4,82;1,99;-4,57;-17,58;27,45;11,23;n.a.;6,87;30,36;30,9;12,99;-25,39;-84,7;20,81;7,7;n.a.;4,95;23;18,6;8,72;-13,05;-43,22;50,48;40,04;n.a.;32,72;40,15;33,29;31,58;36;32,35;n.a.;n.a.;n.a.;n.a.;15;15;14;11;9;n.a.;n.a.;n.a.;n.a.;n.a.;n.a.;n.a.;n.a.;n.a.;1.176;1.048;n.a.;852;658;539;485;480;405;1.081;1.016;n.a.;1.158;877;883;708;525;345;7-2-1997;25;24;23;22;21;20;19;18;17;LE SOJAMI
255735570;2.550;1.701;1.999;593;122;n.a.;n.a.;n.a.;n.a.;19;30;-1.402;-953;-1.050;-61;-1;n.a.;n.a.;141;134;-1.270;-792;-998;n.a.;n.a.;n.a.;n.a.;3.429;2.452;2.229;1.005;1.303;572;5;n.a.;n.a.;0,96;2,15;5,55;4,33;9,99;12,4;1,95;n.a.;n.a.;0,76;1,79;-70,15;n.a.;n.a.;n.a.;n.a.;n.a.;n.a.;1,07;1,62;-72,84;-109,49;-88,63;-11,6;-54,8;n.a.;n.a.;n.a.;n.a.;n.a.;n.a.;n.a.;n.a.;n.a.;n.a.;n.a.;52,75;76,67;86,34;86,57;90,94;91,93;48,65;n.a.;n.a.;19;17;14;8;7;2;n.a.;n.a.;n.a.;384;479;910;352;21;n.a.;n.a.;n.a.;n.a.;1.049;607;1.422;743;539;n.a.;n.a.;n.a.;n.a.;n.a.;n.a.;n.a.;n.a.;n.a.;n.a.;n.a.;n.a.;n.a.;12-9-2014;7;6;5;4;3;2;1;;;SAGANATURA EHF.
315567440;2.379;1.476;783;n.a.;n.a.;n.a.;n.a.;n.a.;n.a.;22;124;53;29;n.a.;n.a.;n.a.;n.a.;n.a.;22;124;53;29;n.a.;n.a.;n.a.;n.a.;n.a.;632;352;227;103;n.a.;n.a.;n.a.;n.a.;n.a.;1,66;2,56;1,92;2,97;n.a.;n.a.;n.a.;n.a.;n.a.;2,11;10,51;8,48;n.a.;n.a.;n.a.;n.a.;n.a.;n.a.;21,03;77,95;79,45;148,15;n.a.;n.a.;n.a.;n.a.;n.a.;57,21;72,9;62,5;72,52;n.a.;n.a.;n.a.;n.a.;n.a.;37,86;56,58;36,87;31,4;n.a.;n.a.;n.a.;n.a.;n.a.;n.a.;3;2;n.a.;n.a.;n.a.;n.a.;n.a.;n.a.;1.333;1.034;568;n.a.;n.a.;n.a.;n.a.;n.a.;n.a.;425;137;71;n.a.;n.a.;n.a.;n.a.;n.a.;n.a.;433;793;545;n.a.;n.a.;n.a.;n.a.;n.a.;n.a.;13-4-2017;4;3;2;1;;;;;;VONER OYJ
372966872;2.086;14;n.a.;n.a.;n.a.;n.a.;n.a.;n.a.;n.a.;423;13;n.a.;n.a.;n.a.;n.a.;n.a.;n.a.;n.a.;423;13;n.a.;n.a.;n.a.;n.a.;n.a.;n.a.;n.a.;2.075;19;n.a.;n.a.;n.a.;n.a.;n.a.;n.a.;n.a.;1,27;3,44;n.a.;n.a.;n.a.;n.a.;n.a.;n.a.;n.a.;20,28;95,4;n.a.;n.a.;n.a.;n.a.;n.a.;n.a.;n.a.;96,28;92,73;n.a.;n.a.;n.a.;n.a.;n.a.;n.a.;n.a.;96,49;n.a.;n.a.;n.a.;n.a.;n.a.;n.a.;n.a.;n.a.;21,16;74,72;n.a.;n.a.;n.a.;n.a.;n.a.;n.a.;n.a.;2;n.a.;n.a.;n.a.;n.a.;n.a.;n.a.;n.a.;n.a.;n.a.;n.a.;n.a.;n.a.;n.a.;n.a.;n.a.;n.a.;n.a.;16;n.a.;n.a.;n.a.;n.a.;n.a.;n.a.;n.a.;n.a.;1.633;n.a.;n.a.;n.a.;n.a.;n.a.;n.a.;n.a.;n.a.;20-12-2017;4;3;2;1;;;;;;BE VEGAN, UNIPESSOAL, LDA
239302622;1.680;1.175;896;645;336;86;7;n.a.;n.a.;51;-51;-41;-159;-191;-153;-7;n.a.;n.a.;154;43;55;-68;-115;-153;-7;n.a.;n.a.;1.080;995;1.033;954;923;1.028;806;n.a.;n.a.;0,52;0,42;0,37;0,26;0,29;0,29;1,81;n.a.;n.a.;3,75;-3,35;-3,82;-24,12;-56,84;n.a.;-98,96;n.a.;n.a.;58,02;-74,45;-32,31;-341,68;-106,28;-89,8;-1,84;n.a.;n.a.;70,4;-21,84;-11,43;-95,88;-103,64;-76,92;n.a.;n.a.;n.a.;10,06;5,31;10,24;4,78;19,45;16,61;44,79;n.a.;n.a.;13;13;11;9;6;7;n.a.;n.a.;n.a.;n.a.;n.a.;n.a.;n.a.;n.a.;n.a.;n.a.;n.a.;n.a.;326;294;255;226;129;56;n.a.;n.a.;n.a.;680;447;283;217;121;42;3;n.a.;n.a.;28-3-2014;7;6;5;4;3;2;1;;;VEGIN - PRODUTOS ALIMENTARES, LDA
225363499;1.566;n.a.;n.a.;n.a.;n.a.;n.a.;n.a.;n.a.;n.a.;-105;n.a.;n.a.;n.a.;n.a.;n.a.;n.a.;n.a.;n.a.;34;n.a.;n.a.;n.a.;n.a.;n.a.;n.a.;n.a.;n.a.;1.862;1.033;n.a.;n.a.;n.a.;n.a.;n.a.;n.a.;n.a.;1,97;2,41;n.a.;n.a.;n.a.;n.a.;n.a.;n.a.;n.a.;-6,71;n.a.;n.a.;n.a.;n.a.;n.a.;n.a.;n.a.;n.a.;-24,78;n.a.;n.a.;n.a.;n.a.;n.a.;n.a.;n.a.;n.a.;-6,29;n.a.;n.a.;n.a.;n.a.;n.a.;n.a.;n.a.;n.a.;22,77;46,88;n.a.;n.a.;n.a.;n.a.;n.a.;n.a.;n.a.;n.a.;n.a.;n.a.;n.a.;n.a.;n.a.;n.a.;n.a.;n.a.;n.a.;n.a.;n.a.;n.a.;n.a.;n.a.;n.a.;n.a.;n.a.;489;n.a.;n.a.;n.a.;n.a.;n.a.;n.a.;n.a.;n.a.;497;n.a.;n.a.;n.a.;n.a.;n.a.;n.a.;n.a.;n.a.;14-2-2015;7;6;5;4;3;2;1;;;JAY & JOY
319639362;1.488;730;272;58;n.a.;n.a.;n.a.;n.a.;n.a.;-3.020;-1.721;-1.204;-498;n.a.;n.a.;n.a.;n.a.;n.a.;n.a.;n.a.;n.a.;n.a.;n.a.;n.a.;n.a.;n.a.;n.a.;7.788;1.589;1.771;647;n.a.;n.a.;n.a.;n.a.;n.a.;4,73;2,81;1,02;1,01;n.a.;n.a.;n.a.;n.a.;n.a.;n.a.;n.a.;n.a.;n.a.;n.a.;n.a.;n.a.;n.a.;n.a.;-53,76;-353,71;n.a.;n.a.;n.a.;n.a.;n.a.;n.a.;n.a.;-48,29;-165,63;n.a.;n.a.;n.a.;n.a.;n.a.;n.a.;n.a.;72,12;30,61;1,64;1,11;n.a.;n.a.;n.a.;n.a.;n.a.;5;4;2;2;n.a.;n.a.;n.a.;n.a.;n.a.;n.a.;n.a.;n.a.;n.a.;n.a.;n.a.;n.a.;n.a.;n.a.;563;492;n.a.;n.a.;n.a.;n.a.;n.a.;n.a.;n.a.;1.215;497;212;43;n.a.;n.a.;n.a.;n.a.;n.a.;mei-17;4;3;2;1;;;;;;SPROUD INTERNATIONAL AB
412045797;1.472;393;n.a.;n.a.;n.a.;n.a.;n.a.;n.a.;n.a.;-253;5;n.a.;n.a.;n.a.;n.a.;n.a.;n.a.;n.a.;-252;5;n.a.;n.a.;n.a.;n.a.;n.a.;n.a.;n.a.;3.125;692;n.a.;n.a.;n.a.;n.a.;n.a.;n.a.;n.a.;0,91;1;n.a.;n.a.;n.a.;n.a.;n.a.;n.a.;n.a.;-17,19;1,6;n.a.;n.a.;n.a.;n.a.;n.a.;n.a.;n.a.;n.a.;103,46;n.a.;n.a.;n.a.;n.a.;n.a.;n.a.;n.a.;n.a.;133,16;n.a.;n.a.;n.a.;n.a.;n.a.;n.a.;n.a.;-7,81;1,17;n.a.;n.a.;n.a.;n.a.;n.a.;n.a.;n.a.;4;n.a.;n.a.;n.a.;n.a.;n.a.;n.a.;n.a.;n.a.;n.a.;n.a.;n.a.;n.a.;n.a.;n.a.;n.a.;n.a.;n.a.;222;n.a.;n.a.;n.a.;n.a.;n.a.;n.a.;n.a.;n.a.;1.312;376;n.a.;n.a.;n.a.;n.a.;n.a.;n.a.;n.a.;12-4-2019;2;1;;;;;;;;ZYRCULAR FOODS SL.
345777093;1.048;n.a.;n.a.;n.a.;n.a.;n.a.;n.a.;n.a.;n.a.;-86;39;-32;n.a.;n.a.;n.a.;n.a.;n.a.;n.a.;-55;39;-23;n.a.;n.a.;n.a.;n.a.;n.a.;n.a.;319;211;97;n.a.;n.a.;n.a.;n.a.;n.a.;n.a.;1,14;1,13;1,33;n.a.;n.a.;n.a.;n.a.;n.a.;n.a.;-8,2;n.a.;n.a.;n.a.;n.a.;n.a.;n.a.;n.a.;n.a.;n.a.;308,33;n.a.;n.a.;n.a.;n.a.;n.a.;n.a.;n.a.;-53,06;n.a.;-45,25;n.a.;n.a.;n.a.;n.a.;n.a.;n.a.;-22,31;6,38;-27,06;n.a.;n.a.;n.a.;n.a.;n.a.;n.a.;12;12;3;n.a.;n.a.;n.a.;n.a.;n.a.;n.a.;312;n.a.;n.a.;n.a.;n.a.;n.a.;n.a.;n.a.;n.a.;514;344;142;n.a.;n.a.;n.a.;n.a.;n.a.;n.a.;286;n.a.;n.a.;n.a.;n.a.;n.a.;n.a.;n.a.;n.a.;14-9-2017;4;3;2;1;;;;;;VEGEM OY
387255473;426;235;n.a.;n.a.;n.a.;n.a.;n.a.;n.a.;n.a.;33;0;n.a.;n.a.;n.a.;n.a.;n.a.;n.a.;n.a.;n.a.;n.a.;n.a.;n.a.;n.a.;n.a.;n.a.;n.a.;n.a.;267;182;n.a.;n.a.;n.a.;n.a.;n.a.;n.a.;n.a.;2,04;1,67;n.a.;n.a.;n.a.;n.a.;n.a.;n.a.;n.a.;9,75;-0,09;n.a.;n.a.;n.a.;n.a.;n.a.;n.a.;n.a.;108,49;-4,17;n.a.;n.a.;n.a.;n.a.;n.a.;n.a.;n.a.;24,22;-0,08;n.a.;n.a.;n.a.;n.a.;n.a.;n.a.;n.a.;14,37;2,75;n.a.;n.a.;n.a.;n.a.;n.a.;n.a.;n.a.;5;5;n.a.;n.a.;n.a.;n.a.;n.a.;n.a.;n.a.;n.a.;n.a.;n.a.;n.a.;n.a.;n.a.;n.a.;n.a.;n.a.;219;114;n.a.;n.a.;n.a.;n.a.;n.a.;n.a.;n.a.;95;53;n.a.;n.a.;n.a.;n.a.;n.a.;n.a.;n.a.;jul-18;3;2;1;;;;;;;SIMRIS ALG AB
378621040;396;52;n.a.;n.a.;n.a.;n.a.;n.a.;n.a.;n.a.;1;-113;-63;n.a.;n.a.;n.a.;n.a.;n.a.;n.a.;1;-113;-63;n.a.;n.a.;n.a.;n.a.;n.a.;n.a.;75;62;74;n.a.;n.a.;n.a.;n.a.;n.a.;n.a.;4,23;5,88;3,38;n.a.;n.a.;n.a.;n.a.;n.a.;n.a.;0,31;n.a.;n.a.;n.a.;n.a.;n.a.;n.a.;n.a.;n.a.;2,08;-214,89;-152,78;n.a.;n.a.;n.a.;n.a.;n.a.;n.a.;n.a.;n.a.;n.a.;n.a.;n.a.;n.a.;n.a.;n.a.;n.a.;78,69;85,46;73,85;n.a.;n.a.;n.a.;n.a.;n.a.;n.a.;n.a.;n.a.;n.a.;n.a.;n.a.;n.a.;n.a.;n.a.;n.a.;198;43;11;n.a.;n.a.;n.a.;n.a.;n.a.;n.a.;n.a.;n.a.;n.a.;n.a.;n.a.;n.a.;n.a.;n.a.;n.a.;n.a.;n.a.;n.a.;n.a.;n.a.;n.a.;n.a.;n.a.;n.a.;3-5-2018;3;2;1;;;;;;;CHAY VEGAN AB
109450130;363;187;85;104;84;56;34;89;57;-3.131;-2.894;-2.676;-2.799;-2.135;-1.399;-1.092;-615;-440;-2.761;-2.558;-2.288;-2.375;-1.959;-1.312;-1.032;-604;-436;6.979;5.614;5.564;6.626;8.425;6.590;1.404;986;1.032;4,06;1,48;2,72;2,84;7,71;6,38;6,61;5,5;10,03;n.a.;n.a.;n.a.;n.a.;n.a.;n.a.;n.a.;n.a.;n.a.;-53,85;-77,17;-60,3;-53,8;-29,59;-30,52;-86,44;-70,16;-47,11;-47,25;-64,1;-51,32;-46,61;-26,14;-22,62;-86,32;-69,97;-46,4;83,1;67,03;79,83;78,48;85,56;69,54;90,02;88,91;90,56;12;16;15;18;17;11;9;6;5;615;337;118;-197;162;-2;22;-4;6;978;1.098;1.006;1.542;974;788;644;472;315;303;393;404;372;175;104;22;-4;6;2010;116;115;114;113;112;111;110;109;108;POTENTIAL FOODS OY
94893758;n.a.;n.a.;339;201;153;n.a.;108;125;833;n.a.;n.a.;-1.170;-2.191;-1.599;n.a.;-1.308;-1.628;-39;n.a.;n.a.;-755;-1.665;-1.212;n.a.;-864;-1.175;31;n.a.;n.a.;4.957;6.638;5.754;n.a.;10.092;5.674;4.372;n.a.;n.a.;0,7;0,84;3,49;n.a.;6,56;2,49;0,76;n.a.;n.a.;n.a.;n.a.;n.a.;n.a.;n.a.;n.a.;-45,2;n.a.;n.a.;-109,32;-90,1;-42,85;n.a.;-23,34;-51,61;-12,53;n.a.;n.a.;-34,61;-62,44;-37,21;n.a.;-21,98;-45,24;-11,79;n.a.;n.a.;28,26;43,14;80,47;n.a.;85,93;78,91;68,74;n.a.;n.a.;2;n.a.;12;n.a.;12;n.a.;11;n.a.;n.a.;n.a.;n.a.;n.a.;n.a.;n.a.;n.a.;n.a.;n.a.;n.a.;696;953;720;n.a.;583;857;663;n.a.;n.a.;85;216;124;n.a.;111;165;71;26-5-2009;12;11;10;9;8;7;6;5;4;OLYGOSE
232001998;313;331;335;115;71;n.a.;n.a.;n.a.;n.a.;17;-48;1;10;1;n.a.;n.a.;n.a.;n.a.;n.a.;n.a.;n.a.;n.a.;8;n.a.;n.a.;n.a.;n.a.;58;70;46;38;42;n.a.;n.a.;n.a.;n.a.;2,07;1,59;0,68;1,58;0,84;n.a.;n.a.;n.a.;n.a.;5,43;-14,62;0,51;11,5;2,19;n.a.;n.a.;n.a.;n.a.;60,38;-440;22,39;77,18;21,67;n.a.;n.a.;n.a.;n.a.;40,14;-80,37;18,25;50,2;10,38;n.a.;n.a.;n.a.;n.a.;48,18;15,67;16,63;45,29;17,29;n.a.;n.a.;n.a.;n.a.;5;7;4;2;0;n.a.;n.a.;n.a.;n.a.;n.a.;n.a.;n.a.;n.a.;n.a.;n.a.;n.a.;n.a.;n.a.;100;147;91;6;n.a.;n.a.;n.a.;n.a.;n.a.;117;135;153;61;39;n.a.;n.a.;n.a.;n.a.;mei-15;6;5;4;3;2;1;;;;VEGGOKOKET VASTERAS AB
289318098;269;111;25;74;12;n.a.;n.a.;n.a.;n.a.;-71;-73;-91;-15;-2;n.a.;n.a.;n.a.;n.a.;-40;-68;n.a.;n.a.;n.a.;n.a.;n.a.;n.a.;n.a.;408;326;121;42;32;n.a.;n.a.;n.a.;n.a.;1,53;2,08;2,7;0,78;1,33;n.a.;n.a.;n.a.;n.a.;-34,34;-83,74;n.a.;-25,29;-28;n.a.;n.a.;n.a.;n.a.;-53,14;-67,19;-132,41;n.a.;-37,84;n.a.;n.a.;n.a.;n.a.;n.a.;-31,52;n.a.;n.a.;n.a.;n.a.;n.a.;n.a.;n.a.;42,65;42,55;72,08;-13,95;26,52;n.a.;n.a.;n.a.;n.a.;5;n.a.;1;0;n.a.;n.a.;n.a.;n.a.;n.a.;n.a.;n.a.;n.a.;n.a.;n.a.;n.a.;n.a.;n.a.;n.a.;25;51;74;n.a.;n.a.;n.a.;n.a.;n.a.;n.a.;245;57;20;1;0;n.a.;n.a.;n.a.;n.a.;29-4-2016;5;4;3;2;1;;;;;FLOWFOOD AS
475452700;248;n.a.;n.a.;n.a.;n.a.;n.a.;n.a.;n.a.;n.a.;2;n.a.;n.a.;n.a.;n.a.;n.a.;n.a.;n.a.;n.a.;2;n.a.;n.a.;n.a.;n.a.;n.a.;n.a.;n.a.;n.a.;256;n.a.;n.a.;n.a.;n.a.;n.a.;n.a.;n.a.;n.a.;1,38;n.a.;n.a.;n.a.;n.a.;n.a.;n.a.;n.a.;n.a.;1,49;n.a.;n.a.;n.a.;n.a.;n.a.;n.a.;n.a.;n.a.;7,02;n.a.;n.a.;n.a.;n.a.;n.a.;n.a.;n.a.;n.a.;n.a.;n.a.;n.a.;n.a.;n.a.;n.a.;n.a.;n.a.;n.a.;27,27;n.a.;n.a.;n.a.;n.a.;n.a.;n.a.;n.a.;n.a.;0;n.a.;n.a.;n.a.;n.a.;n.a.;n.a.;n.a.;n.a.;237;n.a.;n.a.;n.a.;n.a.;n.a.;n.a.;n.a.;n.a.;n.a.;n.a.;n.a.;n.a.;n.a.;n.a.;n.a.;n.a.;n.a.;169;n.a.;n.a.;n.a.;n.a.;n.a.;n.a.;n.a.;n.a.;28-4-2020;1;;;;;;;;;JUUSTOPORTTI FOOD EXPORT OY
387430614;162;113;n.a.;n.a.;n.a.;n.a.;n.a.;n.a.;n.a.;-45;-16;n.a.;n.a.;n.a.;n.a.;n.a.;n.a.;n.a.;-21;9;n.a.;n.a.;n.a.;n.a.;n.a.;n.a.;n.a.;271;286;n.a.;n.a.;n.a.;n.a.;n.a.;n.a.;n.a.;0,37;1,04;n.a.;n.a.;n.a.;n.a.;n.a.;n.a.;n.a.;-28,03;-13,86;n.a.;n.a.;n.a.;n.a.;n.a.;n.a.;n.a.;n.a.;-186,67;n.a.;n.a.;n.a.;n.a.;n.a.;n.a.;n.a.;-19,85;-0,76;n.a.;n.a.;n.a.;n.a.;n.a.;n.a.;n.a.;-14,03;2,35;n.a.;n.a.;n.a.;n.a.;n.a.;n.a.;n.a.;2;1;n.a.;n.a.;n.a.;n.a.;n.a.;n.a.;n.a.;60;8;n.a.;n.a.;n.a.;n.a.;n.a.;n.a.;n.a.;42;20;n.a.;n.a.;n.a.;n.a.;n.a.;n.a.;n.a.;39;4;n.a.;n.a.;n.a.;n.a.;n.a.;n.a.;n.a.;9-10-2018;3;2;1;;;;;;;TOFUSTA OY
296727547;n.a.;72;116;191;0;n.a.;n.a.;n.a.;n.a.;n.a.;-369;-318;-258;-58;n.a.;n.a.;n.a.;n.a.;n.a.;-364;-314;-257;n.a.;n.a.;n.a.;n.a.;n.a.;n.a.;398;399;617;12;n.a.;n.a.;n.a.;n.a.;n.a.;1,26;1,86;1,94;0,17;n.a.;n.a.;n.a.;n.a.;n.a.;n.a.;n.a.;n.a.;n.a.;n.a.;n.a.;n.a.;n.a.;n.a.;-371,32;-244,61;-106,18;n.a.;n.a.;n.a.;n.a.;n.a.;n.a.;-365,93;-244,06;-106,14;n.a.;n.a.;n.a.;n.a.;n.a.;n.a.;24,86;47,79;49,01;n.a.;n.a.;n.a.;n.a.;n.a.;n.a.;n.a.;3;n.a.;n.a.;n.a.;n.a.;n.a.;n.a.;n.a.;n.a.;n.a.;n.a.;n.a.;n.a.;n.a.;n.a.;n.a.;n.a.;195;199;70;n.a.;n.a.;n.a.;n.a.;n.a.;n.a.;37;55;7;n.a.;n.a.;n.a.;n.a.;n.a.;15-6-2016;5;4;3;2;1;;;;;ODONTELLA
402491837;63;51;n.a.;n.a.;n.a.;n.a.;n.a.;n.a.;n.a.;-2;5;n.a.;n.a.;n.a.;n.a.;n.a.;n.a.;n.a.;-2;5;n.a.;n.a.;n.a.;n.a.;n.a.;n.a.;n.a.;91;15;n.a.;n.a.;n.a.;n.a.;n.a.;n.a.;n.a.;1,46;2,66;n.a.;n.a.;n.a.;n.a.;n.a.;n.a.;n.a.;-3,88;9,21;n.a.;n.a.;n.a.;n.a.;n.a.;n.a.;n.a.;-30,18;48,94;n.a.;n.a.;n.a.;n.a.;n.a.;n.a.;n.a.;-3,22;n.a.;n.a.;n.a.;n.a.;n.a.;n.a.;n.a.;n.a.;8,88;62,31;n.a.;n.a.;n.a.;n.a.;n.a.;n.a.;n.a.;1;1;n.a.;n.a.;n.a.;n.a.;n.a.;n.a.;n.a.;n.a.;n.a.;n.a.;n.a.;n.a.;n.a.;n.a.;n.a.;n.a.;24;23;n.a.;n.a.;n.a.;n.a.;n.a.;n.a.;n.a.;19;9;n.a.;n.a.;n.a.;n.a.;n.a.;n.a.;n.a.;21-12-2018;3;2;1;;;;;;;VEGGUT BARCELONA S.L.
367448159;46;26;11;9;n.a.;n.a.;n.a.;n.a.;n.a.;2;-6;-16;1;n.a.;n.a.;n.a.;n.a.;n.a.;11;-4;-15;2;n.a.;n.a.;n.a.;n.a.;n.a.;70;26;24;26;n.a.;n.a.;n.a.;n.a.;n.a.;0,6;0,76;0,4;0,97;n.a.;n.a.;n.a.;n.a.;n.a.;4,19;-22,32;n.a.;16,7;n.a.;n.a.;n.a.;n.a.;n.a.;13,69;-107,19;n.a.;11,06;n.a.;n.a.;n.a.;n.a.;n.a.;13,32;-98;n.a.;n.a.;n.a.;n.a.;n.a.;n.a.;n.a.;20,43;20,69;-12,27;51,26;n.a.;n.a.;n.a.;n.a.;n.a.;1;2;1;1;n.a.;n.a.;n.a.;n.a.;n.a.;n.a.;n.a.;n.a.;n.a.;n.a.;n.a.;n.a.;n.a.;n.a.;2;11;6;0;n.a.;n.a.;n.a.;n.a.;n.a.;17;6;5;3;n.a.;n.a.;n.a.;n.a.;n.a.;12-9-2017;4;3;2;1;;;;;;LA CASARA VEG. S.R.L.
343309203;43;49;57;8;n.a.;n.a.;n.a.;n.a.;n.a.;-65;-14;4;-4;n.a.;n.a.;n.a.;n.a.;n.a.;-61;-12;5;n.a.;n.a.;n.a.;n.a.;n.a.;n.a.;77;49;26;12;n.a.;n.a.;n.a.;n.a.;n.a.;0,4;1,22;0,84;0,48;n.a.;n.a.;n.a.;n.a.;n.a.;n.a.;-28,24;8,16;-53,85;n.a.;n.a.;n.a.;n.a.;n.a.;n.a.;n.a.;400;n.a.;n.a.;n.a.;n.a.;n.a.;n.a.;n.a.;-115;450;n.a.;n.a.;n.a.;n.a.;n.a.;n.a.;n.a.;-27,06;4,44;-25;n.a.;n.a.;n.a.;n.a.;n.a.;3;3;3;1;n.a.;n.a.;n.a.;n.a.;n.a.;n.a.;n.a.;n.a.;n.a.;n.a.;n.a.;n.a.;n.a.;n.a.;17;9;16;1;n.a.;n.a.;n.a.;n.a.;n.a.;5;2;4;4;n.a.;n.a.;n.a.;n.a.;n.a.;24-7-2017;4;3;2;1;;;;;;CHEESE THE QUEEN EOOD
370224794;36;9;3;n.a.;n.a.;n.a.;n.a.;n.a.;n.a.;-674;-197;-39;n.a.;n.a.;n.a.;n.a.;n.a.;n.a.;n.a.;n.a.;n.a.;n.a.;n.a.;n.a.;n.a.;n.a.;n.a.;1.651;494;111;n.a.;n.a.;n.a.;n.a.;n.a.;n.a.;4,17;5,15;4,83;n.a.;n.a.;n.a.;n.a.;n.a.;n.a.;n.a.;n.a.;n.a.;n.a.;n.a.;n.a.;n.a.;n.a.;n.a.;-54,13;-51,69;-43,75;n.a.;n.a.;n.a.;n.a.;n.a.;n.a.;-50,21;-48,6;n.a.;n.a.;n.a.;n.a.;n.a.;n.a.;n.a.;75,44;77,37;80,4;n.a.;n.a.;n.a.;n.a.;n.a.;n.a.;9;8;1;n.a.;n.a.;n.a.;n.a.;n.a.;n.a.;n.a.;n.a.;n.a.;n.a.;n.a.;n.a.;n.a.;n.a.;n.a.;443;177;34;n.a.;n.a.;n.a.;n.a.;n.a.;n.a.;n.a.;n.a.;n.a.;n.a.;n.a.;n.a.;n.a.;n.a.;n.a.;sep-17;4;3;2;1;;;;;;MYCORENA AB
408065882;17;7;n.a.;n.a.;n.a.;n.a.;n.a.;n.a.;n.a.;-48;-11;n.a.;n.a.;n.a.;n.a.;n.a.;n.a.;n.a.;n.a.;n.a.;n.a.;n.a.;n.a.;n.a.;n.a.;n.a.;n.a.;281;59;n.a.;n.a.;n.a.;n.a.;n.a.;n.a.;n.a.;1,21;3,66;n.a.;n.a.;n.a.;n.a.;n.a.;n.a.;n.a.;n.a.;n.a.;n.a.;n.a.;n.a.;n.a.;n.a.;n.a.;n.a.;-23,06;n.a.;n.a.;n.a.;n.a.;n.a.;n.a.;n.a.;n.a.;-19,37;-22,87;n.a.;n.a.;n.a.;n.a.;n.a.;n.a.;n.a.;73,52;-9,12;n.a.;n.a.;n.a.;n.a.;n.a.;n.a.;n.a.;5;n.a.;n.a.;n.a.;n.a.;n.a.;n.a.;n.a.;n.a.;n.a.;n.a.;n.a.;n.a.;n.a.;n.a.;n.a.;n.a.;n.a.;159;10;n.a.;n.a.;n.a.;n.a.;n.a.;n.a.;n.a.;7;12;n.a.;n.a.;n.a.;n.a.;n.a.;n.a.;n.a.;mrt-19;3;2;1;;;;;;;LUPINTA AB
339785374;14;n.a.;n.a.;n.a.;n.a.;n.a.;n.a.;n.a.;n.a.;-3;n.a.;n.a.;n.a.;n.a.;n.a.;n.a.;n.a.;n.a.;n.a.;n.a.;n.a.;n.a.;n.a.;n.a.;n.a.;n.a.;n.a.;4;1;2;n.a.;n.a.;n.a.;n.a.;n.a.;n.a.;1,5;n.a.;n.a.;n.a.;n.a.;n.a.;n.a.;n.a.;n.a.;-20,04;n.a.;n.a.;n.a.;n.a.;n.a.;n.a.;n.a.;n.a.;-147,33;n.a.;n.a.;n.a.;n.a.;n.a.;n.a.;n.a.;n.a.;n.a.;n.a.;n.a.;n.a.;n.a.;n.a.;n.a.;n.a.;n.a.;42,86;100;100;n.a.;n.a.;n.a.;n.a.;n.a.;n.a.;n.a.;n.a.;n.a.;n.a.;n.a.;n.a.;n.a.;n.a.;n.a.;n.a.;n.a.;n.a.;n.a.;n.a.;n.a.;n.a.;n.a.;n.a.;n.a.;n.a.;n.a.;n.a.;n.a.;n.a.;n.a.;n.a.;n.a.;n.a.;n.a.;n.a.;n.a.;n.a.;n.a.;n.a.;n.a.;n.a.;22-6-2017;4;3;2;1;;;;;;THE VEGAIN BROS LTD
470739142;2;n.a.;n.a.;n.a.;n.a.;n.a.;n.a.;n.a.;n.a.;0;n.a.;n.a.;n.a.;n.a.;n.a.;n.a.;n.a.;n.a.;n.a.;n.a.;n.a.;n.a.;n.a.;n.a.;n.a.;n.a.;n.a.;46;n.a.;n.a.;n.a.;n.a.;n.a.;n.a.;n.a.;n.a.;55,41;n.a.;n.a.;n.a.;n.a.;n.a.;n.a.;n.a.;n.a.;-6,65;n.a.;n.a.;n.a.;n.a.;n.a.;n.a.;n.a.;n.a.;-3,68;n.a.;n.a.;n.a.;n.a.;n.a.;n.a.;n.a.;n.a.;n.a.;n.a.;n.a.;n.a.;n.a.;n.a.;n.a.;n.a.;n.a.;9,61;n.a.;n.a.;n.a.;n.a.;n.a.;n.a.;n.a.;n.a.;n.a.;n.a.;n.a.;n.a.;n.a.;n.a.;n.a.;n.a.;n.a.;n.a.;n.a.;n.a.;n.a.;n.a.;n.a.;n.a.;n.a.;n.a.;n.a.;n.a.;n.a.;n.a.;n.a.;n.a.;n.a.;n.a.;n.a.;0;n.a.;n.a.;n.a.;n.a.;n.a.;n.a.;n.a.;n.a.;10-3-2020;1;;;;;;;;;ORGAO NUTRITION S.R.L.
